{
  "BLEU-1": 0.07624999999999998,
  "BLEU-2": 0.019774368283857795,
  "BLEU-3": 0.003719322877493627,
  "BLEU-4": 0.0016238278332335865,
  "METEOR": 0.10855337811349337,
  "ROUGE-L": 0.09142863654075128
}