{
  "BLEU-1": 0.13663645406568314,
  "BLEU-2": 0.038293136140207636,
  "BLEU-3": 0.008434501306504368,
  "BLEU-4": 0.004115244153545874,
  "METEOR": 0.09820380568476059,
  "ROUGE-L": 0.16683731802921975
}