{
  "BLEU-1": 0.051595627127626914,
  "BLEU-2": 0.021977548886165103,
  "BLEU-3": 0.011339529000101978,
  "BLEU-4": 0.004989604805825721,
  "METEOR": 0.07283934137611213,
  "ROUGE-L": 0.12690091616330004
}